,alpha,"V_pp = 0, f_burst = X, duty_cycle = X","V_pp = 12, f_burst = 10, duty_cycle = 0.1","V_pp = 12, f_burst = 10, duty_cycle = 0.5","V_pp = 12, f_burst = 10, duty_cycle = 1","V_pp = 12, f_burst = 50, duty_cycle = 0.1","V_pp = 12, f_burst = 50, duty_cycle = 0.5","V_pp = 12, f_burst = 50, duty_cycle = 1","V_pp = 12, f_burst = 200, duty_cycle = 0.1","V_pp = 12, f_burst = 200, duty_cycle = 0.5","V_pp = 12, f_burst = 200, duty_cycle = 1"
0,-2.4,-0.0,-0.04759926082882818,-0.04652976734007716,-0.047514165065155545,-0.041179517773812735,-0.04516882808583039,-0.04620473848697548,-0.039130210240725605,,-0.05250093634233821
1,-1.5,-0.0,-0.0011331294354442328,-0.00039115490990392077,-0.005499341607213687,0.0009506602942341152,-0.0011594179515164033,-0.0021524987788735517,0.002077851834219782,0.0002498277266348853,-0.0033990221035436197
2,-0.6,-0.0,-0.008088413161794115,-0.011855282412808388,-0.018390764248568454,-0.008953933632020024,-0.013860399231365084,-0.02047401529435185,-0.007492095189193998,-0.014327702118307995,-0.017882142388337234
3,0.0,0.0,0.0,0.0,0.0,0.0,0.0,0.0,0.0,0.0,0.0
4,0.6,0.0,0.0013789942434927899,0.005254005376689602,0.01787904596972975,0.006670409005389233,0.001570227789752826,0.015023394317661198,0.007076217954935543,0.010180780590002422,0.01095059994077606
5,1.5,0.0,0.03503332622728031,0.03344743163620384,0.0392930792097822,0.039001345229172785,0.025500027289604488,0.03533417003274328,0.03386197550306083,0.035973078381922846,0.03751906869411348
6,2.4,0.0,0.03147407589614942,0.07940942171048415,0.09067569426138333,0.03332700017486018,0.08103364874685492,0.09238131255996523,0.036814181179249006,0.0834388515182477,0.09267327191866725
7,3.0,0.0,,0.06997021774875617,0.0826998350309533,0.058183178790610024,0.07378235253234378,0.0694968532951134,0.06341502951070593,0.0736836540227655,0.07556247704374108
8,3.5999999999999996,0.0,0.053133568806455034,0.0593721945590881,0.06958929024937466,0.05410941864666652,0.06129730215052742,0.0684634157107405,0.05558128217406788,0.05809071548463951,0.07205318351989892
