vel,u
6,2.37667
5,1.98783
4,1.59905
3,1.20247
2,0.801463
1,0.399171
0,0